route,flights,mean_delay,delayed_over_30_rate
HOU-HRL,40,29.0,0.375
SAN-SJC,39,24.615384615384617,0.3333333333333333
SJC-BUR,25,23.92,0.12
LAS-SJC,25,23.36,0.32
SJC-LAS,31,22.29032258064516,0.2903225806451613
LAS-PHX,64,20.234375,0.234375
SAN-PHX,53,19.39622641509434,0.16981132075471697
BHM-MSY,21,19.238095238095237,0.23809523809523808
SJC-SAN,38,17.36842105263158,0.2631578947368421
HOU-CRP,30,17.1,0.26666666666666666
SMF-LAX,26,17.03846153846154,0.19230769230769232
BUR-PHX,20,16.9,0.15
PHX-ABQ,43,16.558139534883722,0.13953488372093023
PHX-LAS,93,16.13978494623656,0.13978494623655913
LAX-LAS,61,15.885245901639344,0.21311475409836064
LAX-ELP,23,15.869565217391305,0.21739130434782608
OAK-RNO,28,15.5,0.21428571428571427
LAX-PHX,67,15.462686567164178,0.19402985074626866
SJC-LAX,50,15.34,0.18
RDU-BWI,22,15.136363636363637,0.22727272727272727
CLE-BWI,22,15.090909090909092,0.18181818181818182
ONT-PHX,42,14.547619047619047,0.2619047619047619
OAK-LAS,41,14.512195121951219,0.1951219512195122
LAS-RNO,53,14.358490566037736,0.1320754716981132
SJC-RNO,23,14.347826086956522,0.13043478260869565
HOU-TUL,20,14.3,0.1
DAL-AUS,47,14.191489361702128,0.1702127659574468
PHX-SAN,65,14.153846153846153,0.15384615384615385
OAK-SEA,25,13.44,0.36
SAN-LAS,61,13.37704918032787,0.22950819672131148
SMF-LAS,20,13.3,0.25
BUR-SJC,32,13.28125,0.125
OAK-LAX,105,13.276190476190477,0.17142857142857143
OAK-SAN,39,13.102564102564102,0.15384615384615385
FLL-MCO,33,12.757575757575758,0.15151515151515152
BUR-SMF,32,12.53125,0.15625
ONT-SJC,33,12.484848484848484,0.18181818181818182
LAX-SMF,33,12.333333333333334,0.21212121212121213
BWI-BNA,30,12.2,0.16666666666666666
LAS-SAN,45,12.0,0.2
SAN-SFO,27,11.88888888888889,0.14814814814814814
DAL-SAT,62,11.887096774193548,0.11290322580645161
LAX-ABQ,21,11.857142857142858,0.23809523809523808
SMF-ONT,54,11.685185185185185,0.16666666666666666
LAX-OAK,87,11.67816091954023,0.19540229885057472
LAS-ONT,36,11.63888888888889,0.1388888888888889
LAS-OAK,39,11.538461538461538,0.1282051282051282
PHX-ONT,47,11.51063829787234,0.1702127659574468
MDW-BNA,30,11.266666666666667,0.13333333333333333
FLL-JAX,32,11.0625,0.125
ONT-OAK,53,10.943396226415095,0.09433962264150944
SEA-GEG,32,10.875,0.125
OAK-BUR,55,10.709090909090909,0.12727272727272726
LAS-SLC,30,10.566666666666666,0.13333333333333333
DAL-LIT,25,10.36,0.12
SAN-OAK,54,10.351851851851851,0.16666666666666666
LAS-BUR,53,10.056603773584905,0.1320754716981132
MDW-STL,57,10.052631578947368,0.12280701754385964
LAS-LAX,64,9.984375,0.140625
BWI-BDL,36,9.944444444444445,0.05555555555555555
BWI-MHT,31,9.806451612903226,0.16129032258064516
OMA-MDW,24,9.708333333333334,0.08333333333333333
MCI-MDW,56,9.535714285714286,0.08928571428571429
ONT-LAS,36,9.527777777777779,0.05555555555555555
SLC-LAS,32,9.3125,0.15625
BWI-MDW,34,9.235294117647058,0.14705882352941177
MSY-MCO,24,9.208333333333334,0.08333333333333333
DAL-HOU,117,9.188034188034187,0.10256410256410256
MCI-STL,28,9.178571428571429,0.07142857142857142
RNO-LAS,37,9.162162162162161,0.16216216216216217
AUS-DAL,52,9.096153846153847,0.11538461538461539
PHX-SJC,22,9.045454545454545,0.13636363636363635
MAF-DAL,29,8.862068965517242,0.06896551724137931
BNA-MDW,27,8.74074074074074,0.14814814814814814
HOU-SAT,34,8.735294117647058,0.08823529411764706
MCO-MSY,26,8.73076923076923,0.11538461538461539
CLE-MDW,31,8.67741935483871,0.12903225806451613
BUR-OAK,51,8.627450980392156,0.13725490196078433
ISP-BWI,29,8.241379310344827,0.13793103448275862
MHT-BWI,34,8.235294117647058,0.11764705882352941
SAN-SMF,37,8.18918918918919,0.08108108108108109
HOU-BNA,25,8.0,0.2
SNA-SJC,28,8.0,0.14285714285714285
BDL-BWI,33,8.0,0.12121212121212122
AUS-HOU,38,7.921052631578948,0.13157894736842105
MDW-SDF,33,7.848484848484849,0.09090909090909091
PHX-STL,22,7.818181818181818,0.18181818181818182
DAL-TUL,37,7.72972972972973,0.10810810810810811
PHX-ELP,26,7.6923076923076925,0.11538461538461539
HOU-MSY,77,7.688311688311688,0.11688311688311688
STL-HOU,34,7.588235294117647,0.14705882352941177
ABQ-PHX,36,7.527777777777778,0.08333333333333333
AMA-DAL,22,7.5,0.13636363636363635
MDW-MCI,71,7.464788732394366,0.11267605633802817
LIT-DAL,26,7.269230769230769,0.11538461538461539
BWI-ALB,23,7.260869565217392,0.08695652173913043
TPA-MSY,31,7.225806451612903,0.0967741935483871
TUL-DAL,36,7.222222222222222,0.1388888888888889
BWI-RDU,24,7.166666666666667,0.08333333333333333
OAK-SNA,22,7.090909090909091,0.09090909090909091
SAT-DAL,52,6.923076923076923,0.09615384615384616
BWI-PVD,36,6.888888888888889,0.1111111111111111
MSY-BHM,22,6.863636363636363,0.09090909090909091
HOU-DAL,119,6.823529411764706,0.09243697478991597
SMF-SAN,37,6.378378378378378,0.08108108108108109
LAX-SJC,48,6.375,0.0625
MDW-BWI,39,6.333333333333333,0.1282051282051282
MCO-FLL,32,6.3125,0.09375
HRL-HOU,32,6.3125,0.0625
BUR-LAS,42,6.309523809523809,0.07142857142857142
SMF-BUR,27,6.222222222222222,0.07407407407407407
ABQ-LAX,36,6.138888888888889,0.16666666666666666
SAT-HOU,50,6.04,0.08
HOU-STL,38,6.026315789473684,0.15789473684210525
MSY-HOU,93,6.021505376344086,0.06451612903225806
SJC-SNA,26,5.846153846153846,0.07692307692307693
TPA-FLL,29,5.758620689655173,0.06896551724137931
BNA-HOU,30,5.666666666666667,0.03333333333333333
SJC-ONT,30,5.566666666666666,0.06666666666666667
DTW-STL,23,5.521739130434782,0.08695652173913043
SDF-STL,26,5.5,0.07692307692307693
PBI-TPA,22,5.2727272727272725,0.045454545454545456
MCI-LAS,34,5.264705882352941,0.14705882352941177
STL-MDW,60,5.133333333333334,0.08333333333333333
JAX-FLL,24,5.125,0.08333333333333333
SEA-OAK,24,5.125,0.08333333333333333
GEG-SEA,31,5.032258064516129,0.12903225806451613
MDW-CLE,33,5.03030303030303,0.06060606060606061
STL-PHX,29,4.9655172413793105,0.1724137931034483
OAK-ONT,57,4.87719298245614,0.05263157894736842
SLC-PHX,23,4.869565217391305,0.043478260869565216
DAL-OKC,21,4.857142857142857,0.047619047619047616
MDW-IND,20,4.65,0.05
LAS-SMF,25,4.56,0.08
PHX-LAX,75,4.533333333333333,0.06666666666666667
PVD-BWI,45,4.511111111111111,0.044444444444444446
CLE-BNA,20,4.4,0.0
SMF-PDX,22,4.363636363636363,0.09090909090909091
FLL-TPA,45,4.355555555555555,0.06666666666666667
MDW-DTW,37,4.27027027027027,0.05405405405405406
SDF-MDW,34,4.264705882352941,0.058823529411764705
MCI-LAX,28,4.178571428571429,0.10714285714285714
DAL-AMA,28,4.142857142857143,0.10714285714285714
ELP-PHX,32,3.9375,0.0625
DTW-MDW,37,3.6486486486486487,0.05405405405405406
ABQ-SAN,20,3.55,0.05
PDX-SMF,21,3.4761904761904763,0.047619047619047616
MSY-DAL,23,3.391304347826087,0.043478260869565216
OKC-STL,20,3.3,0.1
DAL-IAH,32,3.0625,0.0625
OKC-DAL,29,3.0344827586206895,0.06896551724137931
ELP-HOU,22,2.6818181818181817,0.045454545454545456
ELP-DAL,23,2.391304347826087,0.043478260869565216
DAL-LBB,40,2.275,0.05
HOU-AUS,23,2.260869565217391,0.0
LBB-DAL,36,2.111111111111111,0.08333333333333333
SNA-OAK,30,1.7,0.0
CRP-HOU,36,1.6111111111111112,0.027777777777777776
TPA-PBI,24,1.0833333333333333,0.041666666666666664
BWI-ISP,21,1.0476190476190477,0.0
OAK-PDX,27,0.8888888888888888,0.037037037037037035
MDW-CMH,23,0.6956521739130435,0.043478260869565216
SAT-LAS,21,0.6666666666666666,0.0
ABQ-DAL,28,0.5357142857142857,0.03571428571428571
IAH-DAL,20,0.5,0.0
RNO-OAK,22,0.2727272727272727,0.045454545454545456
BNA-BWI,42,-0.023809523809523808,0.047619047619047616
BWI-BUF,32,-0.15625,0.03125
DAL-ELP,23,-0.2608695652173913,0.0
ONT-SMF,35,-0.6857142857142857,0.02857142857142857
DAL-ABQ,28,-0.8214285714285714,0.0
ALB-BWI,22,-2.0454545454545454,0.0
BUF-BWI,26,-2.3846153846153846,0.038461538461538464
